{
    "plddts": {
        "model_1": 88.732873929876,
        "model_2": 88.0308318640266,
        "model_3": 87.85845675420128,
        "model_4": 87.74571967975604,
        "model_5": 88.87657406380511
    },
    "order": [
        "model_5",
        "model_1",
        "model_2",
        "model_3",
        "model_4"
    ]
}